{
  "project_info": {
    "project_number": "4983262991",
    "project_id": "chaton-ee7db",
    "storage_bucket": "chaton-ee7db.appspot.com"
  },
  "client": [
    {
      "client_info": {
        "mobilesdk_app_id": "1:4983262991:android:b19d86bbb1bd766d0b387a",
        "android_client_info": {
          "package_name": "com.aarmbh.propnote"
        }
      },
      "oauth_client": [],
      "api_key": [
        {
          "current_key": "AIzaSyDp-ojx6kXF6KmvqJeYVkAYrFCcJyGugQs"
        }
      ],
      "services": {
        "appinvite_service": {
          "other_platform_oauth_client": []
        }
      }
    }
  ],
  "configuration_version": "1"
}